base,winner,cfr_total,vf_total,pr_total,winner_lines,winner_hard,winner_struct,winner_goto,winner_bytecode,winner_ext,cfr_present,vf_present,pr_present
com/htmake/reader/ReaderApplication,vf,-53.44,-100.78,-50.74,64,0,0,0,0,.kt,1,1,1
com/htmake/reader/ReaderApplicationKt,vf,-42.76,-93.28,-41.64,14,0,0,0,0,.kt,1,1,1
com/htmake/reader/SpringEvent,cfr,-45.78,-45.62,-45.72,39,0,0,0,0,.java,1,1,1
com/htmake/reader/api/ReturnData,vf,-49.80,-94.52,-47.14,26,0,0,0,0,.kt,1,1,1
com/htmake/reader/api/YueduApi,vf,6492.00,-314.98,-189.90,1124,0,0,0,0,.kt,1,1,1
com/htmake/reader/api/YueduApiKt,vf,-42.60,-92.24,-40.46,12,0,0,0,0,.kt,1,1,1
com/htmake/reader/api/controller/BaseController,pr,4120.50,110239.92,-232.20,710,0,0,0,0,.java,1,1,1
com/htmake/reader/api/controller/BaseControllerKt,vf,-42.60,-92.24,-40.46,12,0,0,0,0,.kt,1,1,1
com/htmake/reader/api/controller/BookController,vf,93912.00,7430.00,183632.00,13139,9,0,67,787,.kt,1,1,1
com/htmake/reader/api/controller/BookControllerKt,vf,-42.60,-92.24,-40.46,12,0,0,0,0,.kt,1,1,1
com/htmake/reader/api/controller/BookGroupController,vf,1110.00,-183.82,1553.95,241,0,0,0,0,.kt,1,1,1
com/htmake/reader/api/controller/BookGroupControllerKt,cfr,-41.52,-41.14,-40.46,26,0,0,0,0,.java,1,1,1
com/htmake/reader/api/controller/BookSourceController,vf,12630.00,-551.34,623.10,1492,0,0,0,0,.kt,1,1,1
com/htmake/reader/api/controller/BookSourceControllerKt,vf,-42.60,-92.24,-40.46,12,0,0,0,0,.kt,1,1,1
com/htmake/reader/api/controller/BookmarkController,vf,-66.12,-121.62,-63.24,81,0,0,0,0,.kt,1,1,1
com/htmake/reader/api/controller/BookmarkControllerKt,cfr,-41.52,-41.14,-40.46,26,0,0,0,0,.java,1,1,1
com/htmake/reader/api/controller/CURD,vf,4584.00,-249.48,-126.28,574,0,0,0,0,.kt,1,1,1
com/htmake/reader/api/controller/CURDKt,cfr,-41.52,-41.14,-40.46,26,0,0,0,0,.java,1,1,1
com/htmake/reader/api/controller/FileController,vf,11387.50,-605.86,-412.02,1343,0,0,0,0,.kt,1,1,1
com/htmake/reader/api/controller/FileControllerKt,vf,-42.60,-92.24,-40.46,12,0,0,0,0,.kt,1,1,1
com/htmake/reader/api/controller/HttpTTSController,vf,-71.96,-139.66,-74.54,108,0,0,0,0,.kt,1,1,1
com/htmake/reader/api/controller/LicenseController,vf,2556.50,-450.30,591.46,865,0,0,0,0,.kt,1,1,1
com/htmake/reader/api/controller/LicenseControllerKt,vf,-42.60,-92.24,-40.46,12,0,0,0,0,.kt,1,1,1
com/htmake/reader/api/controller/ReplaceRuleController,vf,-66.14,-124.22,-65.80,86,0,0,0,0,.kt,1,1,1
com/htmake/reader/api/controller/ReplaceRuleControllerKt,cfr,-41.52,-41.14,-40.46,26,0,0,0,0,.java,1,1,1
com/htmake/reader/api/controller/RssSourceController,vf,7385.00,-363.50,-241.88,800,0,0,0,0,.kt,1,1,1
com/htmake/reader/api/controller/RssSourceControllerKt,cfr,-41.52,-41.14,-40.46,26,0,0,0,0,.java,1,1,1
com/htmake/reader/api/controller/UserController,vf,21133.00,74.70,11251.78,2065,1,0,5,99,.kt,1,1,1
com/htmake/reader/api/controller/UserControllerKt,vf,-42.60,-92.24,-40.46,12,0,0,0,0,.kt,1,1,1
com/htmake/reader/api/controller/WebdavController,vf,2905.00,-408.94,-205.32,1422,0,0,0,0,.kt,1,1,1
com/htmake/reader/api/controller/WebdavControllerKt,vf,-42.60,-92.24,-40.46,12,0,0,0,0,.kt,1,1,1
com/htmake/reader/config/AppConfig,pr,-104.14,-41.92,-105.40,320,0,0,0,0,.java,1,1,1
com/htmake/reader/config/BookConfig,vf,-95.06,-143.02,-95.66,26,0,0,0,0,.kt,1,1,1
com/htmake/reader/db/DB,vf,-61.06,-108.40,-55.14,45,0,0,0,0,.kt,1,1,1
com/htmake/reader/db/JSONTable,vf,-90.66,-145.92,-90.54,146,0,0,0,0,.kt,1,1,1
com/htmake/reader/db/JSONTableKt,cfr,-41.52,-41.14,-40.46,26,0,0,0,0,.java,1,1,1
com/htmake/reader/db/SQLTable,vf,-88.64,-143.76,-88.50,138,0,0,0,0,.kt,1,1,1
com/htmake/reader/db/SQLTableKt,cfr,-41.52,-41.14,-40.46,26,0,0,0,0,.java,1,1,1
com/htmake/reader/entity/ActiveLicense,cfr,-255.76,-200.68,-117.80,563,0,0,0,0,.java,1,1,1
com/htmake/reader/entity/BasicError,vf,-93.94,-130.32,-64.66,91,0,0,0,0,.kt,1,1,1
com/htmake/reader/entity/License,cfr,-202.90,-191.76,-118.64,420,0,0,0,0,.java,1,1,1
com/htmake/reader/entity/MongoFile,vf,-95.86,-122.08,-65.48,79,0,0,0,0,.kt,1,1,1
com/htmake/reader/entity/Size,vf,-64.18,-111.44,-55.38,47,0,0,0,0,.kt,1,1,1
com/htmake/reader/entity/User,cfr,-205.38,-178.74,-105.96,419,0,0,0,0,.java,1,1,1
com/htmake/reader/init/ReaderAdapter,vf,-59.74,-117.90,-58.34,70,0,0,0,0,.kt,1,1,1
com/htmake/reader/init/appCtx,cfr,-44.76,-42.20,-42.68,38,0,0,0,0,.java,1,1,1
com/htmake/reader/lib/tts/constant/OutputFormat,pr,-42.94,-42.86,-42.96,48,0,0,0,0,.java,1,1,1
com/htmake/reader/lib/tts/constant/TtsConstants,pr,-41.40,-40.32,-41.42,21,0,0,0,0,.java,1,1,1
com/htmake/reader/lib/tts/constant/TtsStyleEnum,pr,-43.06,-42.98,-43.08,54,0,0,0,0,.java,1,1,1
com/htmake/reader/lib/tts/constant/VoiceEnum,pr,-52.04,-52.00,-52.08,79,0,0,0,0,.java,1,1,1
com/htmake/reader/lib/tts/exceptions/TtsException,cfr,-42.34,-42.24,-42.34,17,0,0,0,0,.java,1,1,1
com/htmake/reader/lib/tts/model/SSML,vf,-67.96,-68.12,-68.08,156,0,0,0,0,.java,1,1,1
com/htmake/reader/lib/tts/model/SpeechConfig,pr,-45.74,-45.74,-45.76,38,0,0,0,0,.java,1,1,1
com/htmake/reader/lib/tts/service/TTSService,vf,-85.80,-85.84,-82.70,192,0,0,0,0,.java,1,1,1
com/htmake/reader/lib/tts/util/Tools,cfr,-57.74,-57.48,-53.70,87,0,0,0,0,.java,1,1,1
com/htmake/reader/utils/ExtKt,vf,278.50,-612.00,130484.92,1325,0,0,0,0,.kt,1,1,1
com/htmake/reader/utils/IntTypeAdapter,vf,-42.94,-99.56,-45.32,28,0,0,0,0,.kt,1,1,1
com/htmake/reader/utils/LRUCache,vf,-111.96,-176.32,-122.04,166,0,0,0,0,.kt,1,1,1
com/htmake/reader/utils/LongTypeAdapter,vf,-42.94,-99.56,-45.32,28,0,0,0,0,.kt,1,1,1
com/htmake/reader/utils/MongoManager,vf,-52.88,-106.56,-51.56,53,0,0,0,0,.kt,1,1,1
com/htmake/reader/utils/RemoteWebview,vf,883.00,-125.54,-68.20,152,0,0,0,0,.kt,1,1,1
com/htmake/reader/utils/SpringContextUtils,cfr,-53.54,-45.66,-53.42,52,0,0,0,0,.java,1,1,1
com/htmake/reader/utils/UserMutex,vf,922.00,-110.26,108243.52,88,0,0,0,0,.kt,1,1,1
com/htmake/reader/utils/VertExtKt,vf,-39.94,-104.20,-50.42,60,0,0,0,0,.kt,1,1,1
com/htmake/reader/verticle/RestVerticle,vf,2066.50,-163.48,-106.28,349,0,0,0,0,.kt,1,1,1
com/htmake/reader/verticle/RestVerticleKt,vf,-42.60,-92.24,-40.46,12,0,0,0,0,.kt,1,1,1
io/legado/app/adapters/DefaultAdpater,vf,672.00,-118.02,-59.90,76,0,0,0,0,.kt,1,1,1
io/legado/app/adapters/ReaderAdapterHelper,vf,-47.96,-95.30,-45.94,15,0,0,0,0,.kt,1,1,1
io/legado/app/adapters/ReaderAdapterInterface,vf,-85.32,-102.20,-40.70,35,0,0,0,0,.kt,1,1,1
io/legado/app/constant/Action,cfr,-43.00,-40.38,-42.02,50,0,0,0,0,.java,1,1,1
io/legado/app/constant/AppConst,cfr,-57.96,-55.02,-49.74,98,0,0,0,0,.java,1,1,1
io/legado/app/constant/AppPattern,vf,-57.84,-101.60,-56.74,30,0,0,0,0,.kt,1,1,1
io/legado/app/constant/BookType,pr,-30.64,-40.22,-41.60,30,0,0,0,0,.java,1,1,1
io/legado/app/constant/DeepinkBookSource,vf,-43.84,-92.34,-42.78,17,0,0,0,0,.kt,1,1,1
io/legado/app/constant/PreferKey,cfr,-42.68,-40.22,-41.70,34,0,0,0,0,.java,1,1,1
io/legado/app/constant/RSSKeywords,cfr,-42.92,-40.34,-41.94,46,0,0,0,0,.java,1,1,1
io/legado/app/constant/Status,cfr,-42.50,-40.16,-41.52,25,0,0,0,0,.java,1,1,1
io/legado/app/data/entities/BaseBook,vf,-66.80,-100.12,-51.36,56,0,0,0,0,.kt,1,1,1
io/legado/app/data/entities/BaseSource,vf,-223.04,-270.66,4487.88,658,0,0,0,0,.kt,1,1,1
io/legado/app/data/entities/Book,cfr,-487.66,-401.74,-277.70,1833,0,0,0,0,.java,1,1,1
io/legado/app/data/entities/BookChapter,cfr,-190.88,-165.04,-112.12,544,0,0,0,0,.java,1,1,1
io/legado/app/data/entities/BookGroup,vf,-109.36,-132.00,-71.32,100,0,0,0,0,.kt,1,1,1
io/legado/app/data/entities/BookKt,cfr,-42.62,-41.14,-41.56,31,0,0,0,0,.java,1,1,1
io/legado/app/data/entities/BookSource,cfr,-382.16,-310.62,-242.20,1583,0,0,0,0,.java,1,1,1
io/legado/app/data/entities/Bookmark,vf,-136.86,-141.38,-75.76,144,0,0,0,0,.kt,1,1,1
io/legado/app/data/entities/Cache,vf,-83.72,-119.76,-61.02,63,0,0,0,0,.kt,1,1,1
io/legado/app/data/entities/Cookie,vf,-73.90,-112.58,-58.88,54,0,0,0,0,.kt,1,1,1
io/legado/app/data/entities/HttpTTS,vf,-277.18,-299.60,-200.54,680,0,0,0,0,.kt,1,1,1
io/legado/app/data/entities/ReplaceRule,cfr,-194.40,-176.32,-102.64,395,0,0,0,0,.java,1,1,1
io/legado/app/data/entities/RssArticle,cfr,-160.76,-148.28,-92.30,438,0,0,0,0,.java,1,1,1
io/legado/app/data/entities/RssSource,cfr,-388.56,-295.92,-251.34,1503,0,0,0,0,.java,1,1,1
io/legado/app/data/entities/SearchBook,cfr,-208.08,-168.16,-121.32,629,0,0,0,0,.java,1,1,1
io/legado/app/data/entities/SearchKeyword,vf,-84.76,-117.28,-62.06,64,0,0,0,0,.kt,1,1,1
io/legado/app/data/entities/SearchResult,cfr,-151.00,-150.86,-74.54,275,0,0,0,0,.java,1,1,1
io/legado/app/data/entities/TxtTocRule,vf,-109.42,-129.36,-71.38,93,0,0,0,0,.kt,1,1,1
io/legado/app/data/entities/rule/BookInfoRule,vf,-173.18,-184.06,-89.04,228,0,0,0,0,.kt,1,1,1
io/legado/app/data/entities/rule/BookListRule,cfr,-61.32,-40.68,-41.26,66,0,0,0,0,.java,1,1,1
io/legado/app/data/entities/rule/ContentRule,vf,-117.94,-146.98,-72.20,124,0,0,0,0,.kt,1,1,1
io/legado/app/data/entities/rule/ExploreRule,vf,-162.54,-176.28,-86.04,189,0,0,0,0,.kt,1,1,1
io/legado/app/data/entities/rule/SearchRule,vf,-162.54,-176.28,-86.04,189,0,0,0,0,.kt,1,1,1
io/legado/app/data/entities/rule/TocRule,vf,-140.02,-161.62,-78.92,156,0,0,0,0,.kt,1,1,1
io/legado/app/exception/ConcurrentException,cfr,-42.64,-41.20,-42.52,32,0,0,0,0,.java,1,1,1
io/legado/app/exception/ContentEmptyException,cfr,-41.50,-41.08,-41.38,25,0,0,0,0,.java,1,1,1
io/legado/app/exception/NoStackTraceException,vf,-42.60,-93.16,-42.50,8,0,0,0,0,.kt,1,1,1
io/legado/app/exception/RegexTimeoutException,cfr,-41.50,-41.08,-41.38,25,0,0,0,0,.java,1,1,1
io/legado/app/exception/TocEmptyException,cfr,-41.50,-41.08,-41.38,25,0,0,0,0,.java,1,1,1
io/legado/app/help/BookHelp,vf,2281.00,745.72,107913.22,564,1,0,4,52,.kt,1,1,1
io/legado/app/help/BytesEncodingDetect,pr,-421.66,138553.65,-465.12,4056,0,0,0,0,.java,1,1,1
io/legado/app/help/CacheManager,vf,-91.00,-153.42,-86.86,96,0,0,0,0,.kt,1,1,1
io/legado/app/help/DefaultData,cfr,-44.84,-42.28,-42.76,42,0,0,0,0,.java,1,1,1
io/legado/app/help/Encoding,pr,-43.34,-43.26,-43.92,146,0,0,0,0,.java,1,1,1
io/legado/app/help/EncodingDetectHelp,pr,-61.02,-71.10,-71.16,83,0,0,0,0,.java,1,1,1
io/legado/app/help/JsExtensions,vf,3244.00,-447.56,840.42,1553,0,0,0,0,.kt,1,1,1
io/legado/app/help/SourceAnalyzer,vf,469.00,-513.26,151079.25,1388,0,0,0,0,.kt,1,1,1
io/legado/app/help/coroutine/CompositeCoroutine,vf,-82.62,-135.14,2138.36,132,0,0,0,0,.kt,1,1,1
io/legado/app/help/coroutine/Coroutine,pr,16673.00,1416.76,-91.44,322,0,0,0,0,.java,1,1,1
io/legado/app/help/coroutine/CoroutineContainer,vf,-45.54,-100.38,-40.46,19,0,0,0,0,.kt,1,1,1
io/legado/app/help/http/ByteConverter,vf,-30.76,-93.38,-42.56,19,0,0,0,0,.kt,1,1,1
io/legado/app/help/http/CookieStore,vf,-128.04,-197.16,114051.92,233,0,0,0,0,.kt,1,1,1
io/legado/app/help/http/CoroutinesCallAdapterFactory,vf,-81.14,-131.40,-62.70,145,0,0,0,0,.kt,1,1,1
io/legado/app/help/http/EncodeConverter,vf,-44.84,-106.02,-52.84,51,0,0,0,0,.kt,1,1,1
io/legado/app/help/http/HttpHelperKt,vf,-75.52,-130.44,-67.86,122,0,0,0,0,.kt,1,1,1
io/legado/app/help/http/OkHttpUtilsKt,vf,4133.00,-284.22,-150.22,586,0,0,0,0,.kt,1,1,1
io/legado/app/help/http/RequestMethod,cfr,-44.62,-40.12,-40.30,31,0,0,0,0,.java,1,1,1
io/legado/app/help/http/Res,vf,-64.34,-113.94,-55.54,47,0,0,0,0,.kt,1,1,1
io/legado/app/help/http/SSLHelper,vf,-70.10,-124.90,-72.64,170,0,0,0,0,.kt,1,1,1
io/legado/app/help/http/StrResponse,vf,-61.06,-116.04,-60.82,77,0,0,0,0,.kt,1,1,1
io/legado/app/help/http/api/CookieManager,vf,-46.68,-102.44,-40.60,22,0,0,0,0,.kt,1,1,1
io/legado/app/lib/icu4j/CharsetDetector,pr,-130.80,-125.56,-137.00,275,0,0,0,0,.java,1,1,1
io/legado/app/lib/icu4j/CharsetMatch,pr,-66.74,-66.66,-69.68,109,0,0,0,0,.java,1,1,1
io/legado/app/lib/icu4j/CharsetRecog_2022,vf,-68.64,-68.94,-68.68,122,0,0,0,0,.java,1,1,1
io/legado/app/lib/icu4j/CharsetRecog_UTF8,pr,-76.94,-76.88,-77.00,75,0,0,0,0,.java,1,1,1
io/legado/app/lib/icu4j/CharsetRecog_Unicode,pr,-102.70,-97.34,-107.64,182,0,0,0,0,.java,1,1,1
io/legado/app/lib/icu4j/CharsetRecog_mbcs,vf,-123.84,-140.06,-134.36,753,0,0,0,0,.java,1,1,1
io/legado/app/lib/icu4j/CharsetRecog_sbcs,vf,-168.74,-265.16,-174.02,5683,0,0,0,0,.java,1,1,1
io/legado/app/lib/icu4j/CharsetRecognizer,cfr,-41.44,-41.24,-41.34,22,0,0,0,0,.java,1,1,1
io/legado/app/model/Debug,vf,-44.72,-92.24,-43.68,12,0,0,0,0,.kt,1,1,1
io/legado/app/model/DebugKt,cfr,-41.52,-41.14,-40.46,26,0,0,0,0,.java,1,1,1
io/legado/app/model/DebugLog,vf,-56.16,-96.50,-42.70,25,0,0,0,0,.kt,1,1,1
io/legado/app/model/DebugLogKt,vf,-42.60,-92.24,-40.46,12,0,0,0,0,.kt,1,1,1
io/legado/app/model/Debugger,vf,5624.00,-269.80,-179.68,815,0,0,0,0,.kt,1,1,1
io/legado/app/model/DebuggerKt,vf,-42.60,-92.24,-40.46,12,0,0,0,0,.kt,1,1,1
io/legado/app/model/analyzeRule/AnalyzeByJSonPath,vf,-145.82,-199.02,-140.94,226,0,0,0,0,.kt,1,1,1
io/legado/app/model/analyzeRule/AnalyzeByJSoup,cfr,-364.30,1042.64,719.28,940,0,0,0,0,.java,1,1,1
io/legado/app/model/analyzeRule/AnalyzeByRegex,vf,-68.36,-113.08,-60.12,79,0,0,0,0,.kt,1,1,1
io/legado/app/model/analyzeRule/AnalyzeByXPath,vf,-143.30,-200.70,109355.10,185,0,0,0,0,.kt,1,1,1
io/legado/app/model/analyzeRule/AnalyzeRule,vf,1827.00,-655.78,999.14,1664,0,0,0,0,.kt,1,1,1
io/legado/app/model/analyzeRule/AnalyzeRuleKt,cfr,-41.52,-41.14,-40.46,26,0,0,0,0,.java,1,1,1
io/legado/app/model/analyzeRule/AnalyzeUrl,vf,3486.50,-757.04,138591.77,2052,0,0,0,0,.kt,1,1,1
io/legado/app/model/analyzeRule/QueryTTF,vf,-270.62,-281.96,-257.22,673,0,0,0,0,.java,1,1,1
io/legado/app/model/analyzeRule/RuleAnalyzer,vf,-256.56,-314.16,-246.44,558,0,0,0,0,.kt,1,1,1
io/legado/app/model/analyzeRule/RuleData,vf,-52.50,-104.66,-52.30,33,0,0,0,0,.kt,1,1,1
io/legado/app/model/analyzeRule/RuleDataInterface,vf,-45.84,-97.50,-41.76,25,0,0,0,0,.kt,1,1,1
io/legado/app/model/localBook/CbzFile,vf,-120.60,-188.12,-116.94,206,0,0,0,0,.kt,1,1,1
io/legado/app/model/localBook/EpubFile,vf,1208.50,-318.70,113229.29,510,0,0,0,0,.kt,1,1,1
io/legado/app/model/localBook/EpubFileKt,vf,-42.60,-92.24,-40.46,12,0,0,0,0,.kt,1,1,1
io/legado/app/model/localBook/LocalBook,vf,-68.20,-149.88,-63.70,119,0,0,0,0,.kt,1,1,1
io/legado/app/model/localBook/PdfFile,vf,-111.22,-181.48,-107.32,199,0,0,0,0,.kt,1,1,1
io/legado/app/model/localBook/TextFile,cfr,-162.94,604.62,129370.68,622,0,0,0,0,.java,1,1,1
io/legado/app/model/localBook/TextFileKt,cfr,-41.52,-41.14,-40.46,26,0,0,0,0,.java,1,1,1
io/legado/app/model/localBook/UmdFile,vf,-99.58,-170.92,-108.60,196,0,0,0,0,.kt,1,1,1
io/legado/app/model/rss/Rss,vf,1859.00,-121.80,-61.18,190,0,0,0,0,.kt,1,1,1
io/legado/app/model/rss/RssParserByRule,vf,-118.54,-167.66,-116.98,183,0,0,0,0,.kt,1,1,1
io/legado/app/model/rss/RssParserDefault,vf,-136.36,-187.42,-137.52,171,0,0,0,0,.kt,1,1,1
io/legado/app/model/webBook/BookChapterList,vf,16713.50,-277.96,145740.66,773,0,0,0,0,.kt,1,1,1
io/legado/app/model/webBook/BookContent,vf,3447.00,-196.86,126980.31,593,0,0,0,0,.kt,1,1,1
io/legado/app/model/webBook/BookInfo,vf,564.00,-211.06,-153.32,253,0,0,0,0,.kt,1,1,1
io/legado/app/model/webBook/BookList,vf,3230.00,-265.60,124042.59,605,0,0,0,0,.kt,1,1,1
io/legado/app/model/webBook/WebBook,vf,8485.00,-297.16,6700.96,983,0,0,0,0,.kt,1,1,1
io/legado/app/model/webBook/WebBookKt,vf,-42.60,-92.24,-40.46,12,0,0,0,0,.kt,1,1,1
io/legado/app/utils/ACache,vf,266.00,-300.84,-230.38,642,0,0,0,0,.kt,1,1,1
io/legado/app/utils/ACacheKt,vf,-42.60,-92.24,-40.46,12,0,0,0,0,.kt,1,1,1
io/legado/app/utils/AnkoHelpsKt,vf,-41.72,-92.30,-41.60,15,0,0,0,0,.kt,1,1,1
io/legado/app/utils/AttemptResult,vf,-70.54,-123.54,-61.70,77,0,0,0,0,.kt,1,1,1
io/legado/app/utils/Base64,vf,-168.86,-182.04,-169.38,1052,0,0,0,0,.java,1,1,1
io/legado/app/utils/EncoderUtils,vf,538.00,-172.72,-100.42,286,0,0,0,0,.kt,1,1,1
io/legado/app/utils/EncodingDetect,vf,-63.52,-120.04,-64.62,102,0,0,0,0,.kt,1,1,1
io/legado/app/utils/FileExtensionsKt,vf,-42.70,-94.26,-42.60,13,0,0,0,0,.kt,1,1,1
io/legado/app/utils/FileUtils,vf,-308.64,-427.04,696.50,927,0,0,0,0,.kt,1,1,1
io/legado/app/utils/GsonExtensionsKt,vf,-56.96,-114.38,-51.50,119,0,0,0,0,.kt,1,1,1
io/legado/app/utils/HtmlFormatter,vf,-75.52,-125.54,111604.27,102,0,0,0,0,.kt,1,1,1
io/legado/app/utils/IntJsonDeserializer,vf,-41.74,-97.44,-44.18,22,0,0,0,0,.kt,1,1,1
io/legado/app/utils/JsonExtensionsKt,vf,-47.48,-100.56,-46.26,28,0,0,0,0,.kt,1,1,1
io/legado/app/utils/JsoupExtensionsKt,vf,-80.94,-136.72,-60.78,111,0,0,0,0,.kt,1,1,1
io/legado/app/utils/LogUtilsKt,vf,-41.46,-92.12,-41.38,6,0,0,0,0,.kt,1,1,1
io/legado/app/utils/MD5Utils,vf,-53.30,-102.56,-52.16,53,0,0,0,0,.kt,1,1,1
io/legado/app/utils/MapDeserializerDoubleAsIntFix,vf,-65.10,-118.68,-64.70,59,0,0,0,0,.kt,1,1,1
io/legado/app/utils/NetworkUtils,vf,-114.10,-155.88,-95.24,169,0,0,0,0,.kt,1,1,1
io/legado/app/utils/ParameterizedTypeImpl,vf,-45.02,-97.50,-44.88,25,0,0,0,0,.kt,1,1,1
io/legado/app/utils/StringExtensionsKt,vf,-120.90,-181.98,111056.84,224,0,0,0,0,.kt,1,1,1
io/legado/app/utils/StringUtils,vf,-182.02,-242.56,-167.32,403,0,0,0,0,.kt,1,1,1
io/legado/app/utils/TextUtils,vf,-51.84,-51.88,-51.86,44,0,0,0,0,.java,1,1,1
io/legado/app/utils/ThrowableExtensionsKt,vf,-41.62,-46.20,-41.48,10,0,0,0,0,.kt,1,1,1
io/legado/app/utils/UTF8BOMFighter,vf,-50.34,-99.48,-49.06,24,0,0,0,0,.kt,1,1,1
io/legado/app/utils/Utf8BomUtils,vf,-51.44,-101.56,-50.16,28,0,0,0,0,.kt,1,1,1
io/legado/app/utils/XmlUtils,vf,-63.50,-112.70,-62.60,60,0,0,0,0,.kt,1,1,1
io/legado/app/utils/ZipUtils,vf,-171.06,-240.68,-152.04,484,0,0,0,0,.kt,1,1,1
io/legado/app/utils/ZipUtilsKt,vf,-42.60,-92.24,-40.46,12,0,0,0,0,.kt,1,1,1
me/ag2s/epublib/Constants,pr,-40.32,-40.24,-40.34,17,0,0,0,0,.java,1,1,1
me/ag2s/epublib/browsersupport/NavigationEvent,cfr,-68.16,-65.90,-65.58,133,0,0,0,0,.java,1,1,1
me/ag2s/epublib/browsersupport/NavigationEventListener,cfr,-41.24,-40.12,-40.22,12,0,0,0,0,.java,1,1,1
me/ag2s/epublib/browsersupport/NavigationHistory,cfr,-90.62,-85.30,-89.70,156,0,0,0,0,.java,1,1,1
me/ag2s/epublib/browsersupport/Navigator,cfr,-90.62,-85.40,-89.60,181,0,0,0,0,.java,1,1,1
me/ag2s/epublib/domain/Author,pr,-58.50,-58.48,-58.56,78,0,0,0,0,.java,1,1,1
me/ag2s/epublib/domain/Date,pr,-67.44,-64.88,-67.52,101,0,0,0,0,.java,1,1,1
me/ag2s/epublib/domain/EpubBook,cfr,-106.82,-106.68,-102.86,191,0,0,0,0,.java,1,1,1
me/ag2s/epublib/domain/EpubResourceProvider,cfr,-45.16,-45.04,-45.12,33,0,0,0,0,.java,1,1,1
me/ag2s/epublib/domain/FileResourceProvider,cfr,-43.60,-43.48,-43.58,30,0,0,0,0,.java,1,1,1
me/ag2s/epublib/domain/Guide,pr,-74.98,-69.84,-75.10,105,0,0,0,0,.java,1,1,1
me/ag2s/epublib/domain/GuideReference,pr,-47.20,-47.04,-47.52,76,0,0,0,0,.java,1,1,1
me/ag2s/epublib/domain/Identifier,cfr,-69.36,-64.34,-66.94,93,0,0,0,0,.java,1,1,1
me/ag2s/epublib/domain/LazyResource,cfr,-65.24,-60.00,-64.22,87,0,0,0,0,.java,1,1,1
me/ag2s/epublib/domain/LazyResourceProvider,cfr,-41.26,-40.18,-40.28,13,0,0,0,0,.java,1,1,1
me/ag2s/epublib/domain/ManifestItemProperties,cfr,-42.60,-42.46,-42.56,30,0,0,0,0,.java,1,1,1
me/ag2s/epublib/domain/ManifestItemRefProperties,cfr,-42.50,-42.36,-42.46,25,0,0,0,0,.java,1,1,1
me/ag2s/epublib/domain/ManifestProperties,cfr,-41.20,-40.12,-40.22,10,0,0,0,0,.java,1,1,1
me/ag2s/epublib/domain/MediaType,cfr,-55.24,-50.08,-52.74,62,0,0,0,0,.java,1,1,1
me/ag2s/epublib/domain/MediaTypes,cfr,-74.66,-74.64,-56.10,58,0,0,0,0,.java,1,1,1
me/ag2s/epublib/domain/Metadata,cfr,-106.84,-106.74,-94.10,217,0,0,0,0,.java,1,1,1
me/ag2s/epublib/domain/Relator,pr,-54.56,-54.52,-54.60,255,0,0,0,0,.java,1,1,1
me/ag2s/epublib/domain/Resource,cfr,-75.74,-73.36,-73.20,162,0,0,0,0,.java,1,1,1
me/ag2s/epublib/domain/ResourceInputStream,cfr,-42.54,-42.44,-42.54,27,0,0,0,0,.java,1,1,1
me/ag2s/epublib/domain/ResourceReference,cfr,-47.18,-44.50,-47.16,34,0,0,0,0,.java,1,1,1
me/ag2s/epublib/domain/Resources,pr,-151.22,-149.16,-157.40,245,0,0,0,0,.java,1,1,1
me/ag2s/epublib/domain/Spine,cfr,-84.84,-79.74,-84.84,117,0,0,0,0,.java,1,1,1
me/ag2s/epublib/domain/SpineReference,cfr,-44.68,-44.52,-44.62,34,0,0,0,0,.java,1,1,1
me/ag2s/epublib/domain/TOCReference,cfr,-50.12,-49.98,-49.14,56,0,0,0,0,.java,1,1,1
me/ag2s/epublib/domain/TableOfContents,vf,-110.34,-113.20,-112.94,185,0,0,0,0,.java,1,1,1
me/ag2s/epublib/domain/TitledResourceReference,cfr,-57.50,-54.80,-57.44,75,0,0,0,0,.java,1,1,1
me/ag2s/epublib/epub/BookProcessor,cfr,-41.28,-40.20,-40.30,14,0,0,0,0,.java,1,1,1
me/ag2s/epublib/epub/BookProcessorPipeline,cfr,-59.78,-59.72,-58.86,64,0,0,0,0,.java,1,1,1
me/ag2s/epublib/epub/DOMUtil,pr,-82.94,-75.44,-85.48,99,0,0,0,0,.java,1,1,1
me/ag2s/epublib/epub/EpubProcessorSupport,cfr,-55.10,-54.94,-54.00,105,0,0,0,0,.java,1,1,1
me/ag2s/epublib/epub/EpubReader,pr,-71.18,-68.56,-71.26,138,0,0,0,0,.java,1,1,1
me/ag2s/epublib/epub/EpubWriter,vf,-67.52,-69.88,-69.10,144,0,0,0,0,.java,1,1,1
me/ag2s/epublib/epub/HtmlProcessor,cfr,-41.26,-40.18,-40.28,13,0,0,0,0,.java,1,1,1
me/ag2s/epublib/epub/NCXDocumentV2,pr,-92.52,-95.26,-96.76,263,0,0,0,0,.java,1,1,1
me/ag2s/epublib/epub/NCXDocumentV3,pr,-106.94,-112.28,-113.76,338,0,0,0,0,.java,1,1,1
me/ag2s/epublib/epub/PackageDocumentBase,pr,-41.60,-41.52,-41.72,86,0,0,0,0,.java,1,1,1
me/ag2s/epublib/epub/PackageDocumentMetadataReader,pr,-91.72,-91.92,-93.36,168,0,0,0,0,.java,1,1,1
me/ag2s/epublib/epub/PackageDocumentMetadataWriter,vf,-80.80,-80.82,-80.82,116,0,0,0,0,.java,1,1,1
me/ag2s/epublib/epub/PackageDocumentReader,vf,-148.14,-153.76,-152.60,288,0,0,0,0,.java,1,1,1
me/ag2s/epublib/epub/PackageDocumentWriter,cfr,-89.70,-89.46,-88.70,160,0,0,0,0,.java,1,1,1
me/ag2s/epublib/epub/ResourcesLoader,pr,-68.06,-68.20,-72.32,116,0,0,0,0,.java,1,1,1
me/ag2s/epublib/util/CollectionUtil,pr,-49.44,-46.78,-49.46,48,0,0,0,0,.java,1,1,1
me/ag2s/epublib/util/IOUtil,pr,-165.40,-159.66,-178.28,364,0,0,0,0,.java,1,1,1
me/ag2s/epublib/util/NoCloseOutputStream,cfr,-43.54,-43.44,-43.54,27,0,0,0,0,.java,1,1,1
me/ag2s/epublib/util/NoCloseWriter,cfr,-44.64,-44.54,-44.64,32,0,0,0,0,.java,1,1,1
me/ag2s/epublib/util/ResourceUtil,pr,-66.82,-61.78,-66.88,94,0,0,0,0,.java,1,1,1
me/ag2s/epublib/util/StringUtil,cfr,-136.56,-119.00,-129.06,178,0,0,0,0,.java,1,1,1
me/ag2s/epublib/util/commons/io/BOMInputStream,pr,-95.30,-95.50,-100.38,169,0,0,0,0,.java,1,1,1
me/ag2s/epublib/util/commons/io/ByteOrderMark,vf,-81.88,-82.06,-77.10,103,0,0,0,0,.java,1,1,1
me/ag2s/epublib/util/commons/io/IOConsumer,cfr,-42.44,-40.36,-40.46,22,0,0,0,0,.java,1,1,1
me/ag2s/epublib/util/commons/io/ProxyInputStream,cfr,-55.36,-55.12,-55.36,118,0,0,0,0,.java,1,1,1
me/ag2s/epublib/util/commons/io/XmlStreamReader,vf,-155.84,-165.08,-164.70,404,0,0,0,0,.java,1,1,1
me/ag2s/epublib/util/commons/io/XmlStreamReaderException,cfr,-48.02,-47.96,-48.02,51,0,0,0,0,.java,1,1,1
me/ag2s/umdlib/domain/UmdBook,cfr,-56.40,-56.24,-53.48,70,0,0,0,0,.java,1,1,1
me/ag2s/umdlib/domain/UmdChapters,vf,-80.24,-83.30,-78.42,190,0,0,0,0,.java,1,1,1
me/ag2s/umdlib/domain/UmdCover,pr,-51.62,-51.52,-51.74,62,0,0,0,0,.java,1,1,1
me/ag2s/umdlib/domain/UmdEnd,pr,-41.32,-41.24,-41.34,17,0,0,0,0,.java,1,1,1
me/ag2s/umdlib/domain/UmdHeader,vf,-66.16,-66.60,-66.20,155,0,0,0,0,.java,1,1,1
me/ag2s/umdlib/tool/StreamReader,cfr,-67.06,-66.94,-67.06,128,0,0,0,0,.java,1,1,1
me/ag2s/umdlib/tool/UmdUtils,vf,-77.50,-80.42,-79.24,146,0,0,0,0,.java,1,1,1
me/ag2s/umdlib/tool/WrapOutputStream,pr,-63.44,-63.42,-63.50,100,0,0,0,0,.java,1,1,1
me/ag2s/umdlib/umd/UmdReader,pr,-64.28,-66.70,-68.32,216,0,0,0,0,.java,1,1,1
org/kxml2/io/KXmlParser,pr,-487.04,-510.60,-511.38,1169,0,0,0,0,.java,1,1,1
org/kxml2/io/KXmlSerializer,pr,-200.22,-201.14,-201.40,420,0,0,0,0,.java,1,1,1
org/kxml2/kdom/Document,pr,-66.82,-66.64,-67.80,90,0,0,0,0,.java,1,1,1
org/kxml2/kdom/Element,vf,-117.78,-120.90,-120.68,195,0,0,0,0,.java,1,1,1
org/kxml2/kdom/Node,cfr,-92.96,-92.76,-92.90,198,0,0,0,0,.java,1,1,1
org/kxml2/wap/Wbxml,pr,-40.58,-40.50,-40.60,30,0,0,0,0,.java,1,1,1
org/kxml2/wap/WbxmlParser,pr,-320.02,-329.50,-334.10,830,0,0,0,0,.java,1,1,1
org/kxml2/wap/WbxmlSerializer,pr,-162.92,-160.78,-164.28,389,0,0,0,0,.java,1,1,1
org/kxml2/wap/syncml/SyncML,vf,-44.82,-47.40,-44.96,170,0,0,0,0,.java,1,1,1
org/kxml2/wap/wml/Wml,vf,-42.62,-46.18,-42.76,209,0,0,0,0,.java,1,1,1
org/kxml2/wap/wv/WV,vf,-41.86,-51.40,-42.20,520,0,0,0,0,.java,1,1,1
